Student_ID,Name,Maths,Python,SQL,Attendance,Mini_Projects,Communication_Score,Placement_Readiness_Score,Placed
1,Student_1,78,68,72,56,1,89,69.9,Yes
2,Student_2,91,73,77,53,0,87,69.5,Yes
3,Student_3,68,60,99,86,0,85,68.5,Yes
4,Student_4,54,68,75,50,1,57,61.900000000000006,No
5,Student_5,82,88,72,50,5,30,90.19999999999999,Yes
6,Student_6,47,37,50,96,4,71,67.2,Yes
7,Student_7,60,84,52,69,1,77,67.2,Yes
8,Student_8,78,46,76,68,0,69,58.300000000000004,No
9,Student_9,97,99,44,78,1,92,79.9,Yes
10,Student_10,58,88,54,59,5,33,82.99999999999999,Yes
11,Student_11,62,39,65,67,1,67,55.50000000000001,No
12,Student_12,50,91,80,77,4,56,86.6,Yes
13,Student_13,50,51,44,84,3,38,61.29999999999999,No
14,Student_14,63,81,97,92,5,45,95.00000000000001,Yes
15,Student_15,92,57,50,96,0,85,63.6,No
16,Student_16,75,48,42,80,4,60,71.8,Yes
17,Student_17,79,85,48,76,1,43,67.8,Yes
18,Student_18,63,72,63,60,1,54,63.2,No
19,Student_19,42,98,97,98,3,63,88.3,Yes
20,Student_20,61,72,81,98,0,96,69.4,Yes
21,Student_21,92,84,56,87,0,53,68.80000000000001,Yes
22,Student_22,41,64,58,54,2,55,59.9,No
23,Student_23,63,85,57,57,0,49,60.1,No
24,Student_24,83,97,64,83,3,93,91.1,Yes
25,Student_25,69,86,37,97,2,39,70.60000000000001,Yes
26,Student_26,77,72,45,61,2,96,71.7,Yes
27,Student_27,41,64,65,87,1,53,59.400000000000006,No
28,Student_28,99,85,59,50,1,34,70.5,Yes
29,Student_29,60,39,47,80,0,96,50.7,No
30,Student_30,72,63,31,53,2,87,63.5,No
31,Student_31,51,38,78,98,1,56,57.6,No
32,Student_32,97,44,33,94,3,44,68.0,Yes
33,Student_33,61,90,36,99,1,64,67.7,Yes
34,Student_34,83,51,68,54,5,82,84.10000000000001,Yes
35,Student_35,64,51,42,79,5,73,76.7,Yes
36,Student_36,88,68,60,73,1,55,67.8,Yes
37,Student_37,66,40,92,52,2,76,66.4,Yes
38,Student_38,98,87,85,60,2,63,85.0,Yes
39,Student_39,81,77,71,94,4,79,90.80000000000001,Yes
40,Student_40,67,57,90,53,5,41,82.89999999999999,Yes
41,Student_41,99,89,71,75,3,33,86.5,Yes
42,Student_42,55,50,85,76,2,77,68.3,Yes
43,Student_43,54,42,65,95,0,84,54.3,No
44,Student_44,86,38,97,92,5,30,85.2,Yes
45,Student_45,90,38,36,76,3,95,68.7,Yes
46,Student_46,83,90,83,91,3,59,90.2,Yes
47,Student_47,94,59,30,99,2,32,65.6,Yes
48,Student_48,91,61,73,55,3,50,76.6,Yes
49,Student_49,96,66,74,64,2,78,77.99999999999999,Yes
50,Student_50,42,84,76,79,1,91,70.8,Yes
51,Student_51,76,95,42,91,5,67,92.9,Yes
52,Student_52,90,85,51,86,4,44,86.70000000000002,Yes
53,Student_53,46,53,50,86,1,81,56.800000000000004,No
54,Student_54,60,55,38,91,5,75,77.7,Yes
55,Student_55,48,39,55,86,2,54,56.3,No
56,Student_56,78,76,38,84,5,50,84.4,Yes
57,Student_57,57,95,44,72,2,34,69.30000000000001,Yes
58,Student_58,43,56,39,55,1,99,53.6,No
59,Student_59,64,55,71,53,0,76,56.4,No
60,Student_60,99,35,53,67,0,97,57.30000000000001,No
61,Student_61,53,39,78,58,5,47,73.4,Yes
62,Student_62,89,46,55,98,0,50,57.400000000000006,No
63,Student_63,97,80,66,78,2,52,79.60000000000001,Yes
64,Student_64,48,68,97,62,3,93,79.9,Yes
65,Student_65,65,83,79,96,2,96,82.9,Yes
66,Student_66,92,79,53,66,3,69,81.20000000000002,Yes
67,Student_67,41,61,48,94,1,39,54.4,No
68,Student_68,59,60,89,81,4,81,83.8,Yes
69,Student_69,67,81,68,97,3,90,85.0,Yes
70,Student_70,86,90,47,71,0,93,70.0,Yes
71,Student_71,99,97,48,53,2,34,77.2,Yes
72,Student_72,46,82,65,54,1,82,65.39999999999999,Yes
73,Student_73,83,95,84,86,0,84,78.9,Yes
74,Student_74,47,60,98,90,1,66,67.6,Yes
75,Student_75,86,70,76,98,4,85,91.7,Yes
76,Student_76,74,35,78,62,2,88,65.9,Yes
77,Student_77,53,42,62,83,5,98,78.7,Yes
78,Student_78,56,86,50,94,2,88,75.2,Yes
79,Student_79,75,81,51,71,4,31,79.69999999999999,Yes
80,Student_80,89,90,77,72,2,94,86.8,Yes
81,Student_81,79,48,66,52,5,89,82.5,Yes
82,Student_82,43,62,44,91,3,80,68.1,Yes
83,Student_83,41,36,64,83,1,59,51.0,No
84,Student_84,45,60,61,81,5,40,76.30000000000001,Yes
85,Student_85,93,48,40,94,0,68,57.2,No
86,Student_86,81,93,39,98,4,92,90.89999999999999,Yes
87,Student_87,43,90,86,70,3,93,84.1,Yes
88,Student_88,93,41,54,95,0,90,60.2,No
89,Student_89,68,37,31,93,0,83,48.5,No
90,Student_90,57,57,93,70,4,87,82.8,Yes
91,Student_91,65,52,64,93,3,85,74.2,Yes
92,Student_92,83,72,36,60,0,63,57.7,No
93,Student_93,73,49,47,88,0,60,53.5,No
94,Student_94,49,98,96,53,3,81,86.8,Yes
95,Student_95,75,62,71,50,2,30,65.8,Yes
96,Student_96,53,73,68,77,0,84,62.2,No
97,Student_97,70,91,70,73,1,51,72.69999999999999,Yes
98,Student_98,87,51,53,84,3,69,73.60000000000001,Yes
99,Student_99,54,78,89,62,0,30,61.2,No
100,Student_100,47,59,75,96,4,94,81.10000000000001,Yes
101,Student_101,53,51,48,83,5,92,78.0,Yes
102,Student_102,62,47,97,60,1,83,65.2,Yes
103,Student_103,99,59,71,85,5,71,92.3,Yes
104,Student_104,96,44,61,66,5,50,81.20000000000002,Yes
105,Student_105,79,52,68,84,0,51,58.5,No
106,Student_106,60,68,65,67,1,67,63.800000000000004,No
107,Student_107,55,42,65,89,1,37,54.2,No
108,Student_108,84,74,32,71,2,91,71.6,Yes
109,Student_109,57,76,37,73,5,76,81.5,Yes
110,Student_110,86,75,99,68,1,46,75.89999999999999,Yes
111,Student_111,92,40,70,86,2,46,67.60000000000001,Yes
112,Student_112,63,86,97,88,3,42,85.80000000000001,Yes
113,Student_113,65,60,42,70,2,46,61.0,No
114,Student_114,64,98,78,57,4,67,90.2,Yes
115,Student_115,99,93,89,77,0,74,80.60000000000001,Yes
116,Student_116,99,90,31,54,3,35,76.9,Yes
117,Student_117,99,93,89,66,3,64,93.5,Yes
118,Student_118,84,67,34,86,4,43,76.60000000000001,Yes
119,Student_119,80,87,73,85,2,90,84.19999999999999,Yes
120,Student_120,68,56,56,68,0,44,52.800000000000004,No
121,Student_121,54,55,61,76,2,83,65.4,Yes
122,Student_122,84,38,50,83,1,56,57.1,No
123,Student_123,40,96,37,60,2,42,64.39999999999999,No
124,Student_124,64,96,79,94,3,60,87.8,Yes
125,Student_125,46,58,96,96,0,64,61.800000000000004,No
126,Student_126,48,89,73,61,2,89,75.9,Yes
127,Student_127,63,43,87,70,0,35,53.400000000000006,No
128,Student_128,40,37,32,60,0,98,41.3,No
129,Student_129,83,65,99,88,1,87,78.4,Yes
130,Student_130,47,74,31,77,1,78,58.30000000000001,No
131,Student_131,63,70,73,54,3,52,73.8,Yes
132,Student_132,50,58,31,66,4,63,66.5,Yes
133,Student_133,90,40,64,69,0,55,55.199999999999996,No
134,Student_134,56,38,59,90,4,76,71.0,Yes
135,Student_135,47,40,37,95,3,34,56.699999999999996,No
136,Student_136,74,85,51,61,0,49,61.5,No
137,Student_137,74,96,73,55,0,35,67.19999999999999,Yes
138,Student_138,72,91,87,66,5,99,100.60000000000001,Yes
139,Student_139,98,42,65,68,4,88,80.8,Yes
140,Student_140,44,60,98,75,2,93,73.2,Yes
141,Student_141,81,85,60,97,1,47,73.10000000000001,Yes
142,Student_142,78,79,76,93,2,33,77.1,Yes
143,Student_143,97,78,84,93,4,46,93.49999999999999,Yes
144,Student_144,80,39,91,81,1,43,63.3,No
145,Student_145,67,60,59,55,2,42,62.900000000000006,No
146,Student_146,46,53,84,85,5,36,79.0,Yes
147,Student_147,48,54,45,87,1,73,55.8,No
148,Student_148,47,46,41,60,0,44,41.8,No
149,Student_149,51,81,46,82,2,48,66.7,Yes
150,Student_150,73,35,45,73,1,92,55.60000000000001,No
151,Student_151,72,48,41,72,5,64,75.60000000000001,Yes
152,Student_152,87,98,37,64,1,64,72.0,Yes
153,Student_153,94,72,32,76,1,48,64.2,No
154,Student_154,62,71,45,60,5,49,78.60000000000001,Yes
155,Student_155,63,45,59,99,2,64,64.2,No
156,Student_156,76,37,52,66,3,61,64.4,No
157,Student_157,74,67,34,63,2,77,65.7,Yes
158,Student_158,83,40,94,76,4,73,82.3,Yes
159,Student_159,79,84,59,67,5,53,89.8,Yes
160,Student_160,61,44,50,77,2,90,62.1,No
161,Student_161,66,39,99,96,1,46,63.900000000000006,No
162,Student_162,74,57,51,96,5,79,84.60000000000001,Yes
163,Student_163,40,44,61,53,0,94,48.1,No
164,Student_164,74,78,62,56,2,61,72.3,Yes
165,Student_165,76,36,45,94,5,65,75.9,Yes
166,Student_166,86,47,67,84,2,42,67.3,Yes
167,Student_167,53,74,43,97,5,99,86.0,Yes
168,Student_168,42,36,65,58,1,87,51.7,No
169,Student_169,40,99,52,57,0,43,58.1,No
170,Student_170,44,97,95,94,0,66,72.89999999999999,Yes
171,Student_171,65,51,31,66,4,97,70.8,Yes
172,Student_172,94,43,94,66,5,69,89.0,Yes
173,Student_173,53,49,96,98,2,88,73.1,Yes
174,Student_174,78,58,81,82,0,45,61.900000000000006,No
175,Student_175,66,72,91,81,0,91,70.2,Yes
176,Student_176,48,69,52,57,3,33,64.7,No
177,Student_177,54,83,55,68,3,74,75.9,Yes
178,Student_178,54,96,97,87,0,57,73.4,Yes
179,Student_179,65,94,84,52,5,95,97.7,Yes
180,Student_180,81,84,35,54,4,60,79.8,Yes
181,Student_181,99,43,64,62,0,32,54.900000000000006,No
182,Student_182,52,68,51,96,1,37,59.300000000000004,No
183,Student_183,90,69,72,95,2,53,77.89999999999999,Yes
184,Student_184,71,35,44,80,4,44,65.9,Yes
185,Student_185,78,74,89,65,1,72,74.3,Yes
186,Student_186,88,98,41,99,4,60,91.10000000000001,Yes
187,Student_187,91,56,78,81,1,74,71.10000000000001,Yes
188,Student_188,71,94,71,71,2,95,83.2,Yes
189,Student_189,43,98,67,78,2,37,72.9,Yes
190,Student_190,69,45,74,71,3,86,72.8,Yes
191,Student_191,76,48,64,92,5,59,82.50000000000001,Yes
192,Student_192,62,94,59,52,1,47,67.30000000000001,Yes
193,Student_193,78,64,59,59,3,98,77.3,Yes
194,Student_194,84,69,35,91,1,68,65.4,Yes
195,Student_195,54,71,96,70,3,89,82.20000000000002,Yes
196,Student_196,82,39,36,65,2,72,59.00000000000001,No
197,Student_197,68,60,81,61,4,74,81.30000000000001,Yes
198,Student_198,75,96,43,51,3,52,77.7,Yes
199,Student_199,52,38,44,90,1,98,54.400000000000006,No
200,Student_200,71,76,50,73,1,35,62.8,No
201,Student_201,46,52,64,84,5,85,79.5,Yes
202,Student_202,98,74,95,79,2,33,82.0,Yes
203,Student_203,90,73,31,79,1,52,64.2,No
204,Student_204,61,48,64,96,0,35,52.50000000000001,No
205,Student_205,67,66,49,84,4,61,77.5,Yes
206,Student_206,41,85,39,68,3,47,68.0,Yes
207,Student_207,81,72,54,99,5,44,87.9,Yes
208,Student_208,84,57,95,57,4,69,85.5,Yes
209,Student_209,96,97,54,75,2,35,80.1,Yes
210,Student_210,92,49,83,98,5,92,93.7,Yes
211,Student_211,45,59,62,89,3,96,72.6,Yes
212,Student_212,67,51,65,56,3,40,66.30000000000001,Yes
213,Student_213,67,87,43,79,0,72,63.2,No
214,Student_214,83,85,94,56,2,46,81.1,Yes
215,Student_215,83,73,83,52,5,33,88.60000000000001,Yes
216,Student_216,59,85,81,50,5,92,92.7,Yes
217,Student_217,69,40,32,85,1,97,55.400000000000006,No
218,Student_218,50,41,70,74,0,70,50.699999999999996,No
219,Student_219,97,85,35,86,0,34,63.900000000000006,No
220,Student_220,94,76,54,50,5,61,88.5,Yes
221,Student_221,67,98,42,64,5,99,92.5,Yes
222,Student_222,64,49,37,86,4,64,69.9,Yes
223,Student_223,78,63,50,62,4,51,75.8,Yes
224,Student_224,72,67,97,89,4,94,92.20000000000002,Yes
225,Student_225,40,61,54,57,0,51,47.900000000000006,No
226,Student_226,96,70,97,54,1,40,74.00000000000001,Yes
227,Student_227,66,63,74,58,3,32,70.9,Yes
228,Student_228,96,72,89,50,4,38,87.39999999999999,Yes
229,Student_229,91,91,41,85,1,89,76.10000000000001,Yes
230,Student_230,52,61,61,84,2,43,63.6,No
231,Student_231,80,89,42,51,4,47,80.9,Yes
232,Student_232,42,67,60,89,3,52,69.60000000000001,Yes
233,Student_233,78,44,49,72,2,76,63.400000000000006,No
234,Student_234,45,39,47,58,2,98,55.7,No
235,Student_235,47,72,89,83,3,76,79.69999999999999,Yes
236,Student_236,66,47,92,95,4,59,81.10000000000001,Yes
237,Student_237,48,65,35,63,0,54,47.800000000000004,No
238,Student_238,76,81,61,53,3,57,77.7,Yes
239,Student_239,72,86,72,79,3,54,82.9,Yes
240,Student_240,90,90,31,80,3,87,82.9,Yes
241,Student_241,81,49,89,87,2,70,74.4,Yes
242,Student_242,83,63,52,60,1,54,62.3,No
243,Student_243,63,42,60,84,0,77,53.300000000000004,No
244,Student_244,54,39,34,57,4,39,58.9,No
245,Student_245,98,63,63,52,4,40,80.30000000000001,Yes
246,Student_246,93,81,39,63,1,50,67.0,Yes
247,Student_247,71,79,31,62,3,74,72.70000000000002,Yes
248,Student_248,71,36,40,94,0,36,46.0,No
249,Student_249,63,61,79,81,4,93,84.10000000000001,Yes
250,Student_250,80,70,60,83,5,93,91.6,Yes
251,Student_251,91,70,85,94,4,31,88.7,Yes
252,Student_252,88,60,38,68,3,71,72.1,Yes
253,Student_253,88,77,50,87,5,83,92.7,Yes
254,Student_254,97,61,57,65,1,45,65.1,Yes
255,Student_255,91,54,91,51,0,47,62.4,No
256,Student_256,51,45,36,89,1,88,53.60000000000001,No
257,Student_257,78,72,45,66,1,45,62.300000000000004,No
258,Student_258,41,40,33,83,0,35,38.60000000000001,No
259,Student_259,42,57,33,91,0,86,49.800000000000004,No
260,Student_260,88,81,69,65,4,76,89.8,Yes
261,Student_261,76,80,46,87,4,77,84.80000000000001,Yes
262,Student_262,88,46,81,51,0,71,59.8,No
263,Student_263,95,47,81,51,5,89,88.30000000000001,Yes
264,Student_264,56,96,65,75,2,33,73.8,Yes
265,Student_265,98,94,67,62,4,31,90.49999999999999,Yes
266,Student_266,88,77,79,96,2,88,84.89999999999999,Yes
267,Student_267,41,39,92,80,5,56,76.89999999999999,Yes
268,Student_268,41,71,92,83,0,56,61.800000000000004,No
269,Student_269,67,65,91,88,5,36,88.49999999999999,Yes
270,Student_270,93,43,36,52,4,92,73.10000000000001,Yes
271,Student_271,62,85,56,57,1,75,67.30000000000001,Yes
272,Student_272,76,63,43,72,0,92,59.10000000000001,No
273,Student_273,71,74,34,63,3,41,68.6,Yes
274,Student_274,72,75,84,76,2,42,75.50000000000001,Yes
275,Student_275,40,45,31,78,5,72,67.7,Yes
276,Student_276,58,57,91,88,0,46,60.300000000000004,No
277,Student_277,41,35,50,88,5,92,71.7,Yes
278,Student_278,92,80,50,50,0,65,63.900000000000006,No
279,Student_279,83,55,39,66,4,37,71.2,Yes
280,Student_280,65,70,87,90,4,98,90.2,Yes
281,Student_281,71,88,68,79,4,65,88.6,Yes
282,Student_282,45,91,34,62,5,57,80.0,Yes
283,Student_283,71,35,94,70,3,76,73.1,Yes
284,Student_284,94,97,42,68,4,59,89.0,Yes
285,Student_285,43,88,82,68,0,52,63.400000000000006,No
286,Student_286,94,89,74,74,4,45,92.2,Yes
287,Student_287,50,74,61,71,1,43,60.800000000000004,No
288,Student_288,95,49,65,80,4,81,82.8,Yes
289,Student_289,98,55,89,66,5,66,92.1,Yes
290,Student_290,56,81,40,72,3,58,71.5,Yes
291,Student_291,77,87,92,81,1,96,82.6,Yes
292,Student_292,63,43,50,59,5,44,70.80000000000001,Yes
293,Student_293,44,86,81,59,5,76,89.29999999999998,Yes
294,Student_294,91,91,84,85,5,75,103.3,Yes
295,Student_295,73,60,55,57,0,81,57.400000000000006,No
296,Student_296,45,75,97,69,5,48,87.60000000000001,Yes
297,Student_297,61,69,63,81,0,50,58.6,No
298,Student_298,50,97,81,99,5,93,99.5,Yes
299,Student_299,87,59,81,63,2,66,74.19999999999999,Yes
300,Student_300,55,72,58,99,1,56,64.69999999999999,No
301,Student_301,72,36,67,77,2,84,64.7,No
302,Student_302,48,41,71,95,5,58,76.39999999999999,Yes
303,Student_303,99,68,50,73,1,49,67.4,Yes
304,Student_304,98,51,71,64,1,54,65.9,Yes
305,Student_305,45,77,42,71,3,99,72.5,Yes
306,Student_306,55,93,93,79,2,92,84.60000000000001,Yes
307,Student_307,68,85,46,53,3,65,75.10000000000001,Yes
308,Student_308,42,88,38,62,1,31,56.7,No
309,Student_309,59,58,70,72,0,51,55.50000000000001,No
310,Student_310,99,59,30,57,1,45,58.7,No
311,Student_311,98,86,31,67,3,47,78.00000000000001,Yes
312,Student_312,75,67,89,61,2,98,78.8,Yes
313,Student_313,58,83,77,80,5,83,93.2,Yes
314,Student_314,65,63,58,63,5,59,80.7,Yes
315,Student_315,42,97,39,83,2,74,71.0,Yes
316,Student_316,58,56,87,67,5,48,82.3,Yes
317,Student_317,59,60,89,83,5,63,87.2,Yes
318,Student_318,71,62,50,60,3,42,68.0,Yes
319,Student_319,46,83,57,90,2,72,71.7,Yes
320,Student_320,91,83,63,61,4,91,90.89999999999999,Yes
321,Student_321,80,54,37,98,0,51,54.50000000000001,No
322,Student_322,72,97,88,64,0,81,75.6,Yes
323,Student_323,79,95,78,80,5,81,101.0,Yes
324,Student_324,78,83,46,98,0,65,66.0,Yes
325,Student_325,57,35,89,78,2,48,62.3,No
326,Student_326,79,47,74,75,2,67,68.9,Yes
327,Student_327,40,85,98,67,1,99,74.70000000000002,Yes
328,Student_328,50,90,61,81,1,86,70.9,Yes
329,Student_329,67,96,73,71,0,49,68.8,Yes
330,Student_330,96,66,94,87,4,38,90.3,Yes
331,Student_331,64,64,37,66,1,61,57.1,No
332,Student_332,89,63,72,72,1,33,66.60000000000001,Yes
333,Student_333,62,83,30,73,2,79,68.5,Yes
334,Student_334,70,79,80,99,4,34,87.0,Yes
335,Student_335,69,64,53,57,5,49,79.20000000000002,Yes
336,Student_336,81,50,53,90,0,66,57.4,No
337,Student_337,74,74,46,55,1,51,61.800000000000004,No
338,Student_338,46,53,34,54,4,87,66.0,Yes
339,Student_339,99,52,49,93,4,97,84.2,Yes
340,Student_340,55,35,50,78,0,73,46.599999999999994,No
341,Student_341,65,81,87,77,4,63,88.7,Yes
342,Student_342,87,72,60,60,4,71,84.1,Yes
343,Student_343,96,85,40,50,4,38,81.5,Yes
344,Student_344,91,97,81,92,1,36,81.3,Yes
345,Student_345,99,38,44,68,0,97,56.5,No
346,Student_346,88,35,36,58,4,48,65.9,Yes
347,Student_347,41,42,57,76,4,60,65.80000000000001,Yes
348,Student_348,40,63,80,83,1,64,62.6,No
349,Student_349,87,89,87,93,0,86,79.39999999999999,Yes
350,Student_350,51,37,34,53,2,90,52.400000000000006,No
351,Student_351,44,66,34,85,1,60,54.900000000000006,No
352,Student_352,76,44,37,67,0,82,50.7,No
353,Student_353,71,68,93,64,4,61,85.69999999999999,Yes
354,Student_354,98,89,39,62,0,95,69.8,Yes
355,Student_355,94,66,67,68,0,88,67.6,Yes
356,Student_356,48,84,37,98,5,39,80.9,Yes
357,Student_357,80,41,54,55,0,31,47.699999999999996,No
358,Student_358,74,42,95,97,2,95,75.6,Yes
359,Student_359,58,99,79,61,0,89,72.1,Yes
360,Student_360,87,91,96,86,2,46,87.1,Yes
361,Student_361,55,93,78,66,4,45,85.6,Yes
362,Student_362,42,88,65,72,2,45,69.5,Yes
363,Student_363,59,85,97,75,4,75,91.7,Yes
364,Student_364,63,42,70,78,4,68,73.8,Yes
365,Student_365,93,68,91,82,2,60,81.4,Yes
366,Student_366,95,69,39,76,1,30,63.1,No
367,Student_367,72,66,50,74,3,40,70.6,Yes
368,Student_368,63,80,65,59,0,33,58.8,No
369,Student_369,91,50,41,96,5,55,81.5,Yes
370,Student_370,50,71,31,72,3,79,67.60000000000001,Yes
371,Student_371,88,88,42,70,0,41,63.5,No
372,Student_372,47,48,82,70,0,94,56.6,No
373,Student_373,75,89,61,92,4,76,90.7,Yes
374,Student_374,77,82,45,62,0,82,63.400000000000006,No
375,Student_375,79,41,61,86,5,31,77.0,Yes
376,Student_376,59,41,61,82,0,53,49.80000000000001,No
377,Student_377,74,67,40,73,2,33,63.5,No
378,Student_378,87,57,39,93,3,48,71.39999999999999,Yes
379,Student_379,64,53,44,60,2,55,59.0,No
380,Student_380,74,53,46,66,5,69,78.4,Yes
381,Student_381,64,70,69,53,0,79,60.79999999999999,No
382,Student_382,68,63,47,96,5,72,83.7,Yes
383,Student_383,57,94,84,74,4,96,93.4,Yes
384,Student_384,85,36,54,79,2,41,60.599999999999994,No
385,Student_385,57,35,88,58,2,96,64.9,No
386,Student_386,41,81,51,70,1,56,60.300000000000004,No
387,Student_387,93,54,59,69,0,83,61.8,No
388,Student_388,74,45,73,68,4,95,79.2,Yes
389,Student_389,55,36,61,68,2,78,58.599999999999994,No
390,Student_390,80,46,80,61,2,45,66.4,Yes
391,Student_391,75,54,75,86,4,31,77.9,Yes
392,Student_392,72,39,50,91,5,89,79.10000000000001,Yes
393,Student_393,43,71,61,66,5,83,82.0,Yes
394,Student_394,72,72,68,86,0,59,64.10000000000001,No
395,Student_395,53,43,41,97,1,67,53.10000000000001,No
396,Student_396,60,87,76,88,2,57,77.8,Yes
397,Student_397,87,78,47,77,1,54,68.3,Yes
398,Student_398,59,58,50,90,5,39,77.10000000000001,Yes
399,Student_399,95,64,42,84,5,89,88.9,Yes
400,Student_400,47,93,50,96,3,71,79.0,Yes
401,Student_401,46,48,37,97,0,69,47.6,No
402,Student_402,42,43,75,67,3,71,65.1,Yes
403,Student_403,56,74,36,63,3,76,69.5,Yes
404,Student_404,72,59,52,84,3,66,72.5,Yes
405,Student_405,87,56,51,93,0,51,58.800000000000004,No
406,Student_406,51,38,51,90,0,86,49.400000000000006,No
407,Student_407,98,60,58,56,4,56,80.4,Yes
408,Student_408,90,92,42,90,1,70,75.0,Yes
409,Student_409,61,63,31,62,1,63,54.80000000000001,No
410,Student_410,94,71,58,67,4,61,84.5,Yes
411,Student_411,61,52,81,86,4,95,82.1,Yes
412,Student_412,85,76,56,62,5,41,86.3,Yes
413,Student_413,69,75,79,85,3,69,82.5,Yes
414,Student_414,77,72,52,80,4,39,79.30000000000001,Yes
415,Student_415,77,68,73,51,2,77,73.2,Yes
416,Student_416,84,51,51,65,1,49,58.7,No
417,Student_417,90,71,72,58,4,68,86.3,Yes
418,Student_418,93,59,66,58,2,89,74.2,Yes
419,Student_419,47,61,90,87,2,95,73.9,Yes
420,Student_420,66,91,85,60,2,94,82.9,Yes
421,Student_421,66,65,32,71,5,80,79.2,Yes
422,Student_422,73,40,92,82,5,65,84.7,Yes
423,Student_423,60,74,48,85,2,53,67.60000000000001,Yes
424,Student_424,69,46,52,94,5,56,78.0,Yes
425,Student_425,72,87,58,72,3,31,77.4,Yes
426,Student_426,67,44,59,94,2,60,63.800000000000004,No
427,Student_427,86,79,68,94,3,86,87.5,Yes
428,Student_428,72,51,54,83,3,95,73.3,Yes
429,Student_429,44,60,37,58,2,58,55.8,No
430,Student_430,99,96,87,73,1,44,82.7,Yes
431,Student_431,87,80,45,57,2,41,70.2,Yes
432,Student_432,58,98,30,56,2,57,68.3,Yes
433,Student_433,43,36,34,85,5,53,65.0,Yes
434,Student_434,74,88,32,67,2,50,69.30000000000001,Yes
435,Student_435,88,99,94,52,1,39,80.2,Yes
436,Student_436,56,85,33,77,5,47,80.7,Yes
437,Student_437,83,87,93,55,0,43,71.10000000000001,Yes
438,Student_438,67,70,39,93,0,63,57.8,No
439,Student_439,69,60,50,93,3,87,74.8,Yes
440,Student_440,68,63,75,70,3,51,74.6,Yes
441,Student_441,85,55,56,77,1,99,67.30000000000001,Yes
442,Student_442,92,45,95,89,4,65,86.30000000000001,Yes
443,Student_443,45,74,70,50,0,74,57.6,No
444,Student_444,74,45,42,85,3,65,66.7,Yes
445,Student_445,99,70,38,70,0,51,60.5,No
446,Student_446,80,93,65,92,1,90,80.1,Yes
447,Student_447,76,73,87,84,1,85,76.4,Yes
448,Student_448,63,88,83,62,4,62,88.00000000000001,Yes
449,Student_449,68,89,41,98,4,74,85.7,Yes
450,Student_450,88,58,43,59,5,65,81.0,Yes
451,Student_451,85,56,63,93,1,49,65.60000000000001,Yes
452,Student_452,92,90,82,96,3,47,91.10000000000001,Yes
453,Student_453,70,67,49,59,0,67,56.49999999999999,No
454,Student_454,74,70,45,95,2,96,73.9,Yes
455,Student_455,99,54,99,62,4,52,87.2,Yes
456,Student_456,72,96,85,86,2,45,83.3,Yes
457,Student_457,91,60,87,87,3,88,86.10000000000001,Yes
458,Student_458,60,74,33,73,4,98,77.9,Yes
459,Student_459,71,51,33,51,2,97,60.900000000000006,No
460,Student_460,62,35,49,71,3,50,59.800000000000004,No
461,Student_461,72,95,39,66,0,99,67.2,Yes
462,Student_462,42,77,53,85,3,41,69.69999999999999,Yes
463,Student_463,57,76,55,63,5,45,81.0,Yes
464,Student_464,64,59,66,59,4,43,73.89999999999999,Yes
465,Student_465,81,73,83,84,1,90,77.1,Yes
466,Student_466,70,69,50,74,0,75,59.6,No
467,Student_467,93,37,67,52,2,61,64.4,No
468,Student_468,97,78,75,96,4,44,91.80000000000001,Yes
469,Student_469,42,85,33,87,1,73,61.5,No
470,Student_470,79,46,89,66,3,46,73.6,Yes
471,Student_471,85,53,86,61,1,70,68.19999999999999,Yes
472,Student_472,63,78,74,73,4,83,86.39999999999999,Yes
473,Student_473,89,93,49,78,4,73,90.6,Yes
474,Student_474,71,83,46,92,5,34,85.9,Yes
475,Student_475,86,95,33,74,5,56,90.3,Yes
476,Student_476,61,51,43,85,1,72,56.800000000000004,No
477,Student_477,62,91,32,75,3,60,74.6,Yes
478,Student_478,41,89,87,87,1,46,70.6,Yes
479,Student_479,66,81,84,50,4,83,87.6,Yes
480,Student_480,81,46,33,69,4,91,72.6,Yes
481,Student_481,41,96,53,77,2,61,71.4,Yes
482,Student_482,65,42,63,65,5,69,76.60000000000001,Yes
483,Student_483,56,55,59,96,2,42,63.300000000000004,No
484,Student_484,79,59,48,66,0,64,56.1,No
485,Student_485,72,46,60,89,4,34,72.5,Yes
486,Student_486,48,49,89,77,2,58,65.60000000000001,Yes
487,Student_487,82,93,89,61,1,99,83.1,Yes
488,Student_488,93,60,48,76,5,54,84.20000000000002,Yes
489,Student_489,87,60,78,91,5,51,90.2,Yes
490,Student_490,78,81,92,96,3,95,92.4,Yes
491,Student_491,68,66,51,79,1,74,63.900000000000006,No
492,Student_492,81,44,53,90,3,98,73.8,Yes
493,Student_493,94,50,59,83,2,30,66.89999999999999,Yes
494,Student_494,65,51,87,86,0,73,61.60000000000001,No
495,Student_495,74,57,60,55,1,68,61.2,No
496,Student_496,89,60,93,56,1,83,73.3,Yes
497,Student_497,64,41,48,81,1,58,53.60000000000001,No
498,Student_498,63,48,77,81,3,83,73.8,Yes
499,Student_499,52,41,74,74,2,45,59.4,No
500,Student_500,99,43,84,82,1,49,67.60000000000001,Yes
501,Student_501,97,82,84,56,1,75,78.89999999999999,Yes
502,Student_502,46,93,47,61,5,96,87.19999999999999,Yes
503,Student_503,96,73,92,65,0,94,75.4,Yes
504,Student_504,75,52,76,65,5,87,86.00000000000001,Yes
505,Student_505,84,93,86,92,5,82,104.30000000000001,Yes
506,Student_506,59,51,74,85,0,30,53.400000000000006,No
507,Student_507,40,48,62,62,2,95,60.5,No
508,Student_508,47,65,46,56,5,58,74.5,Yes
509,Student_509,85,58,99,85,2,99,82.60000000000001,Yes
510,Student_510,55,94,33,96,5,37,84.10000000000001,Yes
511,Student_511,53,79,49,58,4,58,75.69999999999999,Yes
512,Student_512,51,37,76,81,0,80,52.6,No
513,Student_513,90,71,44,60,5,62,85.3,Yes
514,Student_514,62,77,99,57,4,32,84.2,Yes
515,Student_515,54,74,76,82,3,89,80.30000000000001,Yes
516,Student_516,67,89,38,72,4,64,81.30000000000001,Yes
517,Student_517,73,73,45,74,1,98,67.7,Yes
518,Student_518,41,49,98,57,5,49,78.10000000000001,Yes
519,Student_519,71,38,90,94,4,68,79.8,Yes
520,Student_520,62,59,39,71,2,33,58.300000000000004,No
521,Student_521,61,47,79,53,3,48,67.2,Yes
522,Student_522,90,67,32,89,5,74,85.8,Yes
523,Student_523,64,50,99,52,1,72,65.0,Yes
524,Student_524,97,76,80,78,4,42,90.2,Yes
525,Student_525,61,89,48,90,3,42,76.7,Yes
526,Student_526,97,76,71,78,5,89,98.10000000000001,Yes
527,Student_527,97,68,64,83,3,86,84.49999999999999,Yes
528,Student_528,61,64,75,83,1,81,67.8,Yes
529,Student_529,88,47,55,77,4,82,78.60000000000001,Yes
530,Student_530,91,47,98,62,3,72,80.3,Yes
531,Student_531,81,52,93,64,3,71,78.89999999999999,Yes
532,Student_532,45,66,66,72,0,55,54.7,No
533,Student_533,54,73,78,93,3,52,77.80000000000001,Yes
534,Student_534,93,80,50,75,0,72,67.3,Yes
535,Student_535,82,63,93,53,4,57,84.9,Yes
536,Student_536,99,96,34,75,5,38,91.69999999999999,Yes
537,Student_537,76,96,99,89,5,49,102.60000000000001,Yes
538,Student_538,72,91,33,58,4,85,82.60000000000001,Yes
539,Student_539,47,50,68,54,4,68,70.2,Yes
540,Student_540,92,90,64,81,2,80,84.3,Yes
541,Student_541,99,44,30,69,4,41,70.0,Yes
542,Student_542,83,64,53,99,3,84,79.7,Yes
543,Student_543,83,59,86,60,5,40,86.5,Yes
544,Student_544,44,39,99,64,1,55,57.199999999999996,No
545,Student_545,78,99,70,81,5,71,99.49999999999999,Yes
546,Student_546,43,83,83,77,0,56,63.400000000000006,No
547,Student_547,45,37,75,71,5,40,71.2,Yes
548,Student_548,84,79,89,90,2,67,84.0,Yes
549,Student_549,71,48,89,66,4,72,80.2,Yes
550,Student_550,91,64,86,75,4,48,86.89999999999999,Yes
551,Student_551,69,52,60,93,5,93,85.0,Yes
552,Student_552,86,96,53,56,1,35,70.7,Yes
553,Student_553,74,71,65,91,1,75,70.7,Yes
554,Student_554,94,59,59,75,2,71,72.89999999999999,Yes
555,Student_555,79,82,53,74,0,94,67.8,Yes
556,Student_556,91,99,59,59,5,88,99.4,Yes
557,Student_557,55,87,36,94,4,81,81.79999999999998,Yes
558,Student_558,52,49,64,68,5,76,77.3,Yes
559,Student_559,89,83,84,60,2,36,79.1,Yes
560,Student_560,99,46,43,62,3,40,67.4,Yes
561,Student_561,81,93,39,57,3,90,81.6,Yes
562,Student_562,69,71,45,89,2,97,72.7,Yes
563,Student_563,58,95,83,53,4,54,87.4,Yes
564,Student_564,56,77,99,96,2,41,77.79999999999998,Yes
565,Student_565,95,73,73,80,4,55,89.0,Yes
566,Student_566,58,90,74,77,1,41,70.2,Yes
567,Student_567,67,97,85,60,2,72,82.7,Yes
568,Student_568,97,80,86,92,4,80,97.80000000000001,Yes
569,Student_569,94,45,50,50,2,66,63.9,No
570,Student_570,65,96,97,98,2,75,88.5,Yes
571,Student_571,76,59,79,96,4,82,86.50000000000001,Yes
572,Student_572,65,86,62,87,4,42,84.10000000000001,Yes
573,Student_573,92,38,36,73,0,83,52.60000000000001,No
574,Student_574,62,93,99,96,2,86,88.29999999999998,Yes
575,Student_575,48,54,44,80,3,33,60.9,No
576,Student_576,51,97,61,90,2,78,78.3,Yes
577,Student_577,92,88,49,95,2,36,77.69999999999999,Yes
578,Student_578,40,91,44,99,4,40,78.0,Yes
579,Student_579,97,75,77,75,2,83,83.10000000000001,Yes
580,Student_580,97,37,50,98,5,74,82.7,Yes
581,Student_581,40,40,71,99,2,52,59.300000000000004,No
582,Student_582,86,39,55,54,5,57,76.0,Yes
583,Student_583,73,39,43,69,3,86,65.39999999999999,Yes
584,Student_584,71,88,86,90,4,55,92.3,Yes
585,Student_585,93,81,66,60,2,54,77.50000000000001,Yes
586,Student_586,87,83,87,82,5,83,101.2,Yes
587,Student_587,64,43,50,99,5,58,76.39999999999999,Yes
588,Student_588,79,54,98,87,5,65,91.80000000000001,Yes
589,Student_589,84,95,32,76,1,43,68.6,Yes
590,Student_590,92,69,66,83,0,64,67.00000000000001,Yes
591,Student_591,40,84,78,64,3,59,76.10000000000001,Yes
592,Student_592,55,96,48,81,2,46,72.1,Yes
593,Student_593,78,51,41,70,1,96,60.7,No
594,Student_594,44,37,90,95,2,59,63.3,No
595,Student_595,61,66,70,54,2,74,68.8,Yes
596,Student_596,68,47,62,55,4,80,73.6,Yes
597,Student_597,94,48,79,87,4,76,85.3,Yes
598,Student_598,42,45,97,71,4,82,76.60000000000001,Yes
599,Student_599,51,90,62,67,1,93,70.60000000000001,Yes
600,Student_600,65,63,53,63,2,67,65.5,Yes
601,Student_601,55,43,90,59,0,93,57.099999999999994,No
602,Student_602,90,59,90,95,3,36,81.8,Yes
603,Student_603,76,76,57,62,4,51,80.69999999999999,Yes
604,Student_604,61,43,87,80,4,70,77.5,Yes
605,Student_605,96,74,72,79,2,39,77.60000000000001,Yes
606,Student_606,68,59,70,52,2,86,69.1,Yes
607,Student_607,53,39,68,79,1,36,52.400000000000006,No
608,Student_608,67,45,78,55,1,79,60.9,No
609,Student_609,44,93,46,78,4,81,81.8,Yes
610,Student_610,86,72,99,57,2,62,80.5,Yes
611,Student_611,88,39,99,93,0,30,61.400000000000006,No
612,Student_612,69,82,94,94,3,82,89.80000000000001,Yes
613,Student_613,85,52,34,92,2,89,67.50000000000001,Yes
614,Student_614,91,71,31,93,2,63,71.3,Yes
615,Student_615,44,94,51,82,5,33,83.7,Yes
616,Student_616,51,82,86,66,1,46,68.2,Yes
617,Student_617,55,62,95,97,3,33,76.6,Yes
618,Student_618,65,74,45,60,4,72,77.4,Yes
619,Student_619,65,79,80,62,2,33,72.2,Yes
620,Student_620,87,96,68,99,4,30,92.7,Yes
621,Student_621,60,92,69,60,2,79,77.3,Yes
622,Student_622,78,90,67,80,4,90,93.0,Yes
623,Student_623,75,74,89,77,3,64,84.10000000000001,Yes
624,Student_624,72,74,88,93,1,37,72.2,Yes
625,Student_625,69,67,39,55,3,53,67.5,Yes
626,Student_626,76,40,93,90,5,65,86.30000000000001,Yes
627,Student_627,62,53,92,65,0,79,61.1,No
628,Student_628,97,74,78,53,1,72,74.7,Yes
629,Student_629,49,93,93,84,3,56,85.3,Yes
630,Student_630,93,93,61,97,5,61,99.5,Yes
631,Student_631,44,82,36,75,0,47,52.800000000000004,No
632,Student_632,75,75,50,61,5,57,84.3,Yes
633,Student_633,73,47,49,60,2,58,60.3,No
634,Student_634,91,79,55,86,2,45,76.0,Yes
635,Student_635,70,87,97,74,4,76,94.5,Yes
636,Student_636,49,76,44,67,1,88,61.900000000000006,No
637,Student_637,97,97,43,68,2,60,79.9,Yes
638,Student_638,58,61,56,72,5,33,76.60000000000001,Yes
639,Student_639,97,72,69,87,1,66,75.1,Yes
640,Student_640,71,94,87,67,2,46,81.1,Yes
641,Student_641,40,41,57,75,4,68,66.0,Yes
642,Student_642,95,39,55,55,3,77,69.9,Yes
643,Student_643,44,79,92,53,4,75,83.7,Yes
644,Student_644,84,92,95,93,0,77,80.4,Yes
645,Student_645,43,65,54,78,2,68,63.5,No
646,Student_646,55,57,32,83,0,33,46.099999999999994,No
647,Student_647,63,76,73,66,0,59,62.50000000000001,No
648,Student_648,55,44,71,92,5,59,78.5,Yes
649,Student_649,94,66,35,92,1,51,64.9,No
650,Student_650,41,87,68,65,5,95,88.9,Yes
651,Student_651,88,64,81,51,2,41,72.19999999999999,Yes
652,Student_652,67,73,52,83,0,65,60.5,No
653,Student_653,71,65,79,57,3,47,74.9,Yes
654,Student_654,66,36,72,62,0,82,52.800000000000004,No
655,Student_655,59,46,48,91,3,30,62.300000000000004,No
656,Student_656,63,73,98,57,5,87,93.50000000000001,Yes
657,Student_657,51,47,80,79,5,35,76.69999999999999,Yes
658,Student_658,89,80,40,81,1,99,72.8,Yes
659,Student_659,74,61,41,85,0,73,57.10000000000001,No
660,Student_660,99,51,37,96,4,53,77.39999999999999,Yes
661,Student_661,72,94,53,79,5,48,90.89999999999999,Yes
662,Student_662,72,98,70,50,5,47,92.5,Yes
663,Student_663,90,69,65,92,1,59,71.80000000000001,Yes
664,Student_664,82,64,84,88,3,71,83.3,Yes
665,Student_665,76,97,38,66,1,62,69.7,Yes
666,Student_666,51,62,76,69,0,41,55.0,No
667,Student_667,42,94,44,73,2,56,68.3,Yes
668,Student_668,40,71,77,99,2,68,71.39999999999999,Yes
669,Student_669,72,56,71,71,3,38,71.3,Yes
670,Student_670,79,54,89,78,5,50,87.6,Yes
671,Student_671,49,98,99,71,3,58,86.89999999999999,Yes
672,Student_672,82,51,41,93,5,62,80.4,Yes
673,Student_673,83,46,31,58,5,91,76.5,Yes
674,Student_674,68,56,36,86,2,44,60.6,No
675,Student_675,52,51,32,59,3,31,56.1,No
676,Student_676,51,44,32,85,1,81,51.4,No
677,Student_677,70,99,56,86,5,73,95.8,Yes
678,Student_678,85,56,69,77,4,83,83.6,Yes
679,Student_679,41,84,62,77,4,47,78.2,Yes
680,Student_680,90,48,30,91,1,32,55.7,No
681,Student_681,89,98,37,92,4,36,87.4,Yes
682,Student_682,74,81,61,70,0,72,65.5,Yes
683,Student_683,62,63,77,73,5,67,85.7,Yes
684,Student_684,56,70,33,91,1,66,59.50000000000001,No
685,Student_685,65,86,99,89,3,87,91.2,Yes
686,Student_686,47,41,48,51,5,62,67.6,Yes
687,Student_687,68,63,61,57,1,88,64.2,No
688,Student_688,65,45,38,97,2,40,57.800000000000004,No
689,Student_689,49,67,41,76,3,97,70.4,Yes
690,Student_690,65,40,40,71,2,97,59.800000000000004,No
691,Student_691,73,66,75,86,5,51,88.1,Yes
692,Student_692,90,85,45,76,3,95,84.6,Yes
693,Student_693,80,92,30,78,4,73,84.69999999999999,Yes
694,Student_694,46,60,92,52,1,35,59.30000000000001,No
695,Student_695,43,80,50,93,5,71,84.0,Yes
696,Student_696,97,63,59,62,0,54,61.699999999999996,No
697,Student_697,92,38,42,94,3,86,71.2,Yes
698,Student_698,89,47,63,59,3,84,73.80000000000001,Yes
699,Student_699,84,73,33,85,5,45,83.30000000000001,Yes
700,Student_700,50,49,57,58,5,43,71.2,Yes
701,Student_701,68,63,88,76,2,68,74.5,Yes
702,Student_702,95,63,56,83,4,57,83.10000000000001,Yes
703,Student_703,75,66,98,50,2,80,77.4,Yes
704,Student_704,64,36,54,81,2,78,60.30000000000001,No
705,Student_705,60,81,32,74,4,38,73.89999999999999,Yes
706,Student_706,96,56,97,78,0,87,71.9,Yes
707,Student_707,75,61,54,56,2,74,67.1,Yes
708,Student_708,49,90,49,98,2,51,71.49999999999999,Yes
709,Student_709,76,55,63,52,3,61,70.6,Yes
710,Student_710,48,81,55,69,4,98,81.60000000000001,Yes
711,Student_711,63,93,34,69,1,98,69.0,Yes
712,Student_712,74,40,90,79,0,71,59.8,No
713,Student_713,88,53,38,84,0,82,57.7,No
714,Student_714,74,91,79,84,4,88,95.10000000000001,Yes
715,Student_715,87,37,35,98,5,68,77.1,Yes
716,Student_716,75,35,89,88,5,44,81.5,Yes
717,Student_717,57,92,73,76,3,58,82.0,Yes
718,Student_718,88,72,40,75,3,32,72.9,Yes
719,Student_719,78,49,95,63,4,39,79.5,Yes
720,Student_720,71,68,76,66,3,58,77.2,Yes
721,Student_721,63,95,32,67,0,64,60.6,No
722,Student_722,62,69,59,94,0,35,57.800000000000004,No
723,Student_723,71,98,50,78,1,41,70.5,Yes
724,Student_724,76,59,57,69,5,67,82.89999999999999,Yes
725,Student_725,51,58,91,76,4,48,78.2,Yes
726,Student_726,88,46,62,67,2,96,70.1,Yes
727,Student_727,94,52,64,53,5,37,81.2,Yes
728,Student_728,52,49,81,50,2,37,60.0,No
729,Student_729,62,61,63,99,1,76,65.8,Yes
730,Student_730,64,94,70,50,1,33,68.3,Yes
731,Student_731,74,80,80,75,3,80,85.3,Yes
732,Student_732,80,51,76,94,1,96,70.5,Yes
733,Student_733,69,87,87,69,1,74,76.60000000000001,Yes
734,Student_734,56,42,86,72,2,37,61.900000000000006,No
735,Student_735,88,61,52,59,3,45,71.7,Yes
736,Student_736,59,80,77,60,1,96,71.8,Yes
737,Student_737,87,84,51,90,5,38,90.60000000000001,Yes
738,Student_738,64,37,46,90,1,89,56.0,No
739,Student_739,61,98,98,54,3,44,86.00000000000001,Yes
740,Student_740,52,78,40,50,4,70,73.8,Yes
741,Student_741,98,87,44,66,3,51,81.19999999999999,Yes
742,Student_742,58,58,64,71,2,53,64.2,No
743,Student_743,88,94,62,83,4,73,93.8,Yes
744,Student_744,75,37,45,94,5,30,72.5,Yes
745,Student_745,51,54,63,90,0,39,51.9,No
746,Student_746,80,80,95,78,3,85,90.3,Yes
747,Student_747,58,49,69,53,2,79,63.300000000000004,No
748,Student_748,51,59,57,54,5,41,73.79999999999998,Yes
749,Student_749,48,51,76,60,4,89,75.0,Yes
750,Student_750,46,43,68,70,5,55,73.2,Yes
751,Student_751,67,72,99,84,3,70,85.19999999999999,Yes
752,Student_752,53,82,49,61,1,65,62.6,No
753,Student_753,70,94,30,75,3,52,75.9,Yes
754,Student_754,91,97,92,68,0,72,79.7,Yes
755,Student_755,58,36,96,94,3,35,69.5,Yes
756,Student_756,97,45,33,56,4,98,74.9,Yes
757,Student_757,86,98,87,96,4,72,100.8,Yes
758,Student_758,55,55,54,56,3,54,64.3,No
759,Student_759,92,52,76,75,4,47,81.4,Yes
760,Student_760,44,98,67,89,1,91,74.6,Yes
761,Student_761,74,72,44,54,5,42,79.8,Yes
762,Student_762,51,66,92,70,3,72,77.60000000000001,Yes
763,Student_763,64,45,50,63,1,57,53.3,No
764,Student_764,91,79,86,53,5,47,94.1,Yes
765,Student_765,98,67,82,72,5,88,97.10000000000001,Yes
766,Student_766,60,75,75,91,1,89,72.5,Yes
767,Student_767,75,42,43,69,2,92,62.300000000000004,No
768,Student_768,92,45,46,64,3,86,71.1,Yes
769,Student_769,62,85,68,99,5,80,94.4,Yes
770,Student_770,55,75,38,94,5,85,84.0,Yes
771,Student_771,96,51,35,78,4,56,74.89999999999999,Yes
772,Student_772,78,80,52,57,5,61,86.8,Yes
773,Student_773,84,66,88,90,1,38,72.0,Yes
774,Student_774,92,88,75,97,5,97,104.2,Yes
775,Student_775,81,54,67,68,2,75,70.1,Yes
776,Student_776,97,67,43,97,3,96,82.4,Yes
777,Student_777,78,74,91,88,3,55,85.3,Yes
778,Student_778,53,66,64,95,5,37,81.4,Yes
779,Student_779,70,36,48,77,0,35,45.6,No
780,Student_780,97,67,59,95,0,53,66.1,Yes
781,Student_781,44,64,54,76,1,77,59.1,No
782,Student_782,74,67,69,53,0,74,61.4,No
783,Student_783,62,60,43,64,1,42,54.6,No
784,Student_784,68,56,55,84,4,98,79.60000000000001,Yes
785,Student_785,82,72,51,86,1,54,67.2,Yes
786,Student_786,50,80,77,50,0,49,59.3,No
787,Student_787,57,49,80,52,5,95,81.80000000000001,Yes
788,Student_788,86,78,32,96,4,74,84.0,Yes
789,Student_789,51,83,71,73,0,76,64.2,No
790,Student_790,48,95,48,76,1,92,69.5,Yes
791,Student_791,49,40,57,89,2,84,60.5,No
792,Student_792,97,43,74,85,3,48,75.4,Yes
793,Student_793,83,40,92,83,0,64,61.699999999999996,No
794,Student_794,56,66,48,78,1,82,61.60000000000001,No
795,Student_795,77,75,76,73,4,55,85.9,Yes
796,Student_796,46,42,43,73,0,43,42.0,No
797,Student_797,85,84,67,91,0,74,72.10000000000001,Yes
798,Student_798,52,96,82,53,3,73,83.19999999999999,Yes
799,Student_799,79,96,90,52,1,94,82.2,Yes
800,Student_800,81,41,65,83,2,80,67.8,Yes
801,Student_801,48,38,69,98,4,72,71.8,Yes
802,Student_802,89,40,59,72,1,52,59.00000000000001,No
803,Student_803,66,92,38,72,4,85,84.1,Yes
804,Student_804,97,56,93,94,0,48,69.0,Yes
805,Student_805,41,60,62,54,3,84,67.4,Yes
806,Student_806,44,37,81,80,3,89,68.0,Yes
807,Student_807,68,75,43,90,5,88,87.5,Yes
808,Student_808,76,94,82,55,2,62,81.5,Yes
809,Student_809,77,48,88,86,3,48,75.8,Yes
810,Student_810,58,46,70,59,0,57,51.0,No
811,Student_811,47,46,97,89,2,81,69.6,Yes
812,Student_812,87,47,97,56,1,78,69.30000000000001,Yes
813,Student_813,84,59,37,88,3,66,72.3,Yes
814,Student_814,40,79,31,87,2,55,62.1,No
815,Student_815,61,53,70,70,0,69,56.0,No
816,Student_816,91,89,84,69,5,67,100.30000000000001,Yes
817,Student_817,56,79,45,52,4,83,77.39999999999999,Yes
818,Student_818,46,42,91,71,4,51,72.19999999999999,Yes
819,Student_819,64,87,77,96,0,45,68.4,Yes
820,Student_820,84,89,59,53,0,57,66.3,Yes
821,Student_821,43,66,41,77,4,64,70.70000000000002,Yes
822,Student_822,75,85,64,61,5,89,93.30000000000001,Yes
823,Student_823,45,78,40,87,2,74,66.5,Yes
824,Student_824,99,52,93,85,4,75,90.0,Yes
825,Student_825,70,56,79,96,0,84,64.60000000000001,No
826,Student_826,58,71,50,90,3,55,72.4,Yes
827,Student_827,83,90,98,54,1,54,79.00000000000001,Yes
828,Student_828,93,93,77,62,5,94,102.5,Yes
829,Student_829,78,37,49,72,5,35,72.2,Yes
830,Student_830,66,62,96,99,3,52,81.10000000000001,Yes
831,Student_831,49,69,73,79,3,93,77.3,Yes
832,Student_832,65,95,62,86,0,72,69.7,Yes
833,Student_833,58,88,90,74,4,52,88.60000000000001,Yes
834,Student_834,78,97,38,97,2,59,77.9,Yes
835,Student_835,42,41,97,76,5,47,77.4,Yes
836,Student_836,84,83,64,63,5,50,90.8,Yes
837,Student_837,52,65,94,97,3,86,82.0,Yes
838,Student_838,89,92,37,96,4,52,87.60000000000001,Yes
839,Student_839,67,95,74,85,5,74,97.60000000000001,Yes
840,Student_840,97,58,76,88,2,73,78.1,Yes
841,Student_841,59,54,69,65,3,76,70.89999999999999,Yes
842,Student_842,67,71,83,71,2,69,75.30000000000001,Yes
843,Student_843,47,38,75,70,4,80,70.8,Yes
844,Student_844,80,54,76,70,5,71,86.5,Yes
845,Student_845,78,94,44,57,1,36,66.89999999999999,Yes
846,Student_846,40,58,48,98,5,79,77.7,Yes
847,Student_847,42,84,55,65,4,77,78.8,Yes
848,Student_848,52,83,81,80,5,35,88.0,Yes
849,Student_849,67,85,51,91,5,38,87.0,Yes
850,Student_850,96,70,50,59,0,86,64.7,No
851,Student_851,99,68,80,81,5,60,95.3,Yes
852,Student_852,88,70,67,83,5,50,90.3,Yes
853,Student_853,64,40,49,58,2,69,57.300000000000004,No
854,Student_854,95,73,58,66,1,74,71.5,Yes
855,Student_855,72,76,80,60,2,78,77.0,Yes
856,Student_856,77,92,33,81,2,49,72.60000000000001,Yes
857,Student_857,92,46,84,59,3,46,74.5,Yes
858,Student_858,45,37,57,71,0,57,44.300000000000004,No
859,Student_859,97,52,33,66,2,70,65.2,Yes
860,Student_860,83,74,51,53,4,95,83.8,Yes
861,Student_861,84,55,74,97,4,54,83.2,Yes
862,Student_862,71,49,96,96,5,87,91.4,Yes
863,Student_863,84,60,95,74,3,70,83.19999999999999,Yes
864,Student_864,86,42,63,70,0,35,52.9,No
865,Student_865,60,76,84,86,0,67,66.89999999999999,Yes
866,Student_866,55,78,30,87,5,35,77.6,Yes
867,Student_867,93,48,67,98,4,74,83.60000000000001,Yes
868,Student_868,60,36,35,50,1,43,44.099999999999994,No
869,Student_869,50,71,54,74,3,95,74.0,Yes
870,Student_870,99,72,46,85,5,69,91.0,Yes
871,Student_871,76,75,90,66,3,32,80.50000000000001,Yes
872,Student_872,75,96,41,90,4,53,86.3,Yes
873,Student_873,74,94,35,73,4,48,82.1,Yes
874,Student_874,58,48,56,51,1,47,52.00000000000001,No
875,Student_875,59,36,37,89,1,93,53.2,No
876,Student_876,96,51,94,64,0,64,66.1,Yes
877,Student_877,57,62,86,81,3,91,79.4,Yes
878,Student_878,86,69,69,88,3,30,78.5,Yes
879,Student_879,80,39,43,55,4,54,67.2,Yes
880,Student_880,88,99,64,50,0,74,72.5,Yes
881,Student_881,53,74,77,96,5,78,90.6,Yes
882,Student_882,54,90,85,72,3,45,81.5,Yes
883,Student_883,70,70,78,88,0,48,64.2,No
884,Student_884,40,79,42,66,0,52,51.900000000000006,No
885,Student_885,92,57,90,83,4,54,87.2,Yes
886,Student_886,93,81,78,90,0,45,72.0,Yes
887,Student_887,93,65,75,78,1,83,74.2,Yes
888,Student_888,42,45,91,58,1,30,53.89999999999999,No
889,Student_889,55,44,37,62,2,71,54.900000000000006,No
890,Student_890,62,48,72,55,4,48,71.49999999999999,Yes
891,Student_891,96,44,49,55,5,63,79.0,Yes
892,Student_892,50,35,68,69,2,84,59.4,No
893,Student_893,51,39,78,52,1,47,52.400000000000006,No
894,Student_894,49,54,93,66,2,63,67.5,Yes
895,Student_895,71,42,91,98,4,74,82.2,Yes
896,Student_896,55,77,83,61,4,35,80.3,Yes
897,Student_897,47,35,38,97,0,50,42.2,No
898,Student_898,77,91,66,96,3,99,90.4,Yes
899,Student_899,51,98,78,94,0,77,72.30000000000001,Yes
900,Student_900,63,62,70,50,4,68,77.0,Yes
901,Student_901,67,71,46,66,1,60,61.50000000000001,No
902,Student_902,92,81,50,52,5,39,86.80000000000001,Yes
903,Student_903,47,71,80,75,1,59,65.10000000000001,Yes
904,Student_904,97,83,88,64,0,47,73.0,Yes
905,Student_905,67,78,68,85,5,89,92.80000000000001,Yes
906,Student_906,75,90,84,81,4,44,91.3,Yes
907,Student_907,65,62,70,81,1,33,61.99999999999999,No
908,Student_908,47,40,68,53,4,92,69.5,Yes
909,Student_909,97,95,42,67,5,69,94.9,Yes
910,Student_910,99,54,93,98,5,38,93.2,Yes
911,Student_911,89,36,40,68,1,38,52.2,No
912,Student_912,67,71,48,92,4,55,79.0,Yes
913,Student_913,67,54,40,84,2,33,59.3,No
914,Student_914,76,60,75,89,4,45,81.6,Yes
915,Student_915,80,63,74,63,5,44,85.4,Yes
916,Student_916,75,35,30,82,4,81,67.8,Yes
917,Student_917,66,69,69,63,0,98,63.8,No
918,Student_918,93,93,48,83,2,34,77.80000000000001,Yes
919,Student_919,56,67,90,53,3,49,74.5,Yes
920,Student_920,48,85,41,73,0,47,55.30000000000001,No
921,Student_921,72,46,90,78,3,31,72.1,Yes
922,Student_922,92,54,62,68,1,42,63.0,No
923,Student_923,59,87,74,55,3,33,76.5,Yes
924,Student_924,52,77,98,82,4,71,88.4,Yes
925,Student_925,67,84,37,98,3,90,79.8,Yes
926,Student_926,87,63,54,89,5,37,84.7,Yes
927,Student_927,68,91,75,68,0,96,72.30000000000001,Yes
928,Student_928,52,73,59,50,0,92,58.3,No
929,Student_929,85,90,76,54,3,38,83.4,Yes
930,Student_930,74,77,78,76,0,40,65.1,Yes
931,Student_931,45,84,76,65,5,71,88.0,Yes
932,Student_932,57,57,47,55,0,42,47.6,No
933,Student_933,90,78,95,89,3,65,90.8,Yes
934,Student_934,44,72,97,62,2,42,70.2,Yes
935,Student_935,86,57,62,97,2,41,70.5,Yes
936,Student_936,64,79,65,84,1,66,69.5,Yes
937,Student_937,41,86,48,68,0,81,58.50000000000001,No
938,Student_938,49,84,57,61,3,31,70.6,Yes
939,Student_939,95,42,69,65,0,85,60.400000000000006,No
940,Student_940,69,35,44,92,4,89,71.2,Yes
941,Student_941,89,42,70,59,5,52,80.5,Yes
942,Student_942,98,63,68,74,0,69,66.4,Yes
943,Student_943,84,39,31,69,0,93,50.900000000000006,No
944,Student_944,44,81,92,80,2,52,74.7,Yes
945,Student_945,94,68,58,53,5,58,86.9,Yes
946,Student_946,95,99,95,93,3,80,100.0,Yes
947,Student_947,72,89,80,72,0,98,74.1,Yes
948,Student_948,93,77,39,51,2,60,70.6,Yes
949,Student_949,40,64,43,71,1,79,55.8,No
950,Student_950,57,51,80,86,5,49,81.20000000000002,Yes
951,Student_951,71,60,68,57,2,84,69.9,Yes
952,Student_952,86,42,57,56,2,31,59.9,No
953,Student_953,88,81,32,63,2,54,70.00000000000001,Yes
954,Student_954,50,80,99,52,0,42,63.2,No
955,Student_955,60,67,56,99,0,99,63.099999999999994,No
956,Student_956,65,35,31,65,1,96,50.800000000000004,No
957,Student_957,64,53,67,68,4,87,77.60000000000001,Yes
958,Student_958,61,65,32,67,4,93,74.10000000000001,Yes
959,Student_959,98,48,45,65,4,98,79.3,Yes
960,Student_960,66,87,69,57,5,88,92.6,Yes
961,Student_961,88,82,31,82,5,89,90.50000000000001,Yes
962,Student_962,52,96,70,98,1,91,77.1,Yes
963,Student_963,72,98,41,61,5,45,87.6,Yes
964,Student_964,73,97,64,60,4,97,92.2,Yes
965,Student_965,80,67,94,54,4,44,84.69999999999999,Yes
966,Student_966,74,75,84,76,2,84,80.1,Yes
967,Student_967,40,82,74,61,5,64,84.9,Yes
968,Student_968,60,47,91,66,0,84,59.3,No
969,Student_969,87,65,78,55,0,43,62.300000000000004,No
970,Student_970,94,38,54,82,2,78,67.0,Yes
971,Student_971,45,53,52,54,2,36,54.3,No
972,Student_972,67,47,53,77,2,59,61.7,No
973,Student_973,56,57,67,63,0,78,55.8,No
974,Student_974,44,35,57,54,4,45,60.6,No
975,Student_975,70,88,50,82,2,80,76.6,Yes
976,Student_976,44,49,83,99,1,71,62.1,No
977,Student_977,77,99,47,97,2,46,78.8,Yes
978,Student_978,42,49,65,90,3,92,69.3,Yes
979,Student_979,92,55,74,68,2,74,73.9,Yes
980,Student_980,62,53,82,71,0,36,55.400000000000006,No
981,Student_981,76,94,59,54,5,56,91.19999999999999,Yes
982,Student_982,92,67,89,51,2,39,75.30000000000001,Yes
983,Student_983,76,83,61,79,5,63,91.5,Yes
984,Student_984,49,69,96,96,3,65,80.80000000000001,Yes
985,Student_985,49,78,96,88,1,54,71.60000000000001,Yes
986,Student_986,58,45,57,53,5,35,70.3,Yes
987,Student_987,56,80,73,82,4,53,83.3,Yes
988,Student_988,60,43,70,62,2,47,59.800000000000004,No
989,Student_989,53,37,92,69,3,35,65.5,Yes
990,Student_990,48,60,52,56,3,58,64.4,No
991,Student_991,85,82,77,64,5,54,93.8,Yes
992,Student_992,40,62,61,72,1,84,59.4,No
993,Student_993,90,60,86,63,0,75,67.0,Yes
994,Student_994,84,59,62,72,2,53,69.39999999999999,Yes
995,Student_995,52,46,53,68,3,55,62.099999999999994,No
996,Student_996,43,39,68,78,1,57,52.400000000000006,No
997,Student_997,40,82,63,69,4,32,75.3,Yes
998,Student_998,88,71,85,78,3,67,85.4,Yes
999,Student_999,79,78,57,73,1,90,71.9,Yes
1000,Student_1000,71,49,66,67,0,80,56.800000000000004,No
